{
    "results": {
        "tool": {
            "name": "pytest",
            "version": "8.4.1"
        },
        "summary": {
            "tests": 1,
            "passed": 1,
            "failed": 0,
            "skipped": 0,
            "pending": 0,
            "other": 0,
            "start": 1774400481.6844165,
            "stop": 1774400481.687169
        },
        "tests": [
            {
                "name": "test_outputs.py::test_outputs",
                "status": "passed",
                "duration": 0.00022337600239552557,
                "start": 1774400481.6867268,
                "stop": 1774400481.6870615,
                "retries": 0,
                "file_path": "test_outputs.py"
            }
        ]
    }
}