{
    "results": {
        "tool": {
            "name": "pytest",
            "version": "8.4.1"
        },
        "summary": {
            "tests": 1,
            "passed": 1,
            "failed": 0,
            "skipped": 0,
            "pending": 0,
            "other": 0,
            "start": 1774400021.8791351,
            "stop": 1774400021.8844683
        },
        "tests": [
            {
                "name": "test_outputs.py::test_outputs",
                "status": "passed",
                "duration": 0.0006322639819700271,
                "start": 1774400021.8834379,
                "stop": 1774400021.8843017,
                "retries": 0,
                "file_path": "test_outputs.py"
            }
        ]
    }
}