{
    "results": {
        "tool": {
            "name": "pytest",
            "version": "8.4.1"
        },
        "summary": {
            "tests": 1,
            "passed": 1,
            "failed": 0,
            "skipped": 0,
            "pending": 0,
            "other": 0,
            "start": 1774402021.2208233,
            "stop": 1774402021.223834
        },
        "tests": [
            {
                "name": "test_outputs.py::test_outputs",
                "status": "passed",
                "duration": 0.0002223759947810322,
                "start": 1774402021.2233896,
                "stop": 1774402021.2237308,
                "retries": 0,
                "file_path": "test_outputs.py"
            }
        ]
    }
}