{
    "results": {
        "tool": {
            "name": "pytest",
            "version": "8.4.1"
        },
        "summary": {
            "tests": 1,
            "passed": 1,
            "failed": 0,
            "skipped": 0,
            "pending": 0,
            "other": 0,
            "start": 1774401888.5328627,
            "stop": 1774401888.5359347
        },
        "tests": [
            {
                "name": "test_outputs.py::test_outputs",
                "status": "passed",
                "duration": 0.00031100204796530306,
                "start": 1774401888.5353332,
                "stop": 1774401888.535794,
                "retries": 0,
                "file_path": "test_outputs.py"
            }
        ]
    }
}