{
    "results": {
        "tool": {
            "name": "pytest",
            "version": "8.4.1"
        },
        "summary": {
            "tests": 1,
            "passed": 1,
            "failed": 0,
            "skipped": 0,
            "pending": 0,
            "other": 0,
            "start": 1774401873.9618664,
            "stop": 1774401873.9651976
        },
        "tests": [
            {
                "name": "test_outputs.py::test_outputs",
                "status": "passed",
                "duration": 0.00026516601792536676,
                "start": 1774401873.964691,
                "stop": 1774401873.96508,
                "retries": 0,
                "file_path": "test_outputs.py"
            }
        ]
    }
}