{
    "results": {
        "tool": {
            "name": "pytest",
            "version": "8.4.1"
        },
        "summary": {
            "tests": 1,
            "passed": 1,
            "failed": 0,
            "skipped": 0,
            "pending": 0,
            "other": 0,
            "start": 1774401785.1228957,
            "stop": 1774401785.129952
        },
        "tests": [
            {
                "name": "test_outputs.py::test_outputs",
                "status": "passed",
                "duration": 0.00046591501450166106,
                "start": 1774401785.1289494,
                "stop": 1774401785.129732,
                "retries": 0,
                "file_path": "test_outputs.py"
            }
        ]
    }
}