{
    "results": {
        "tool": {
            "name": "pytest",
            "version": "8.4.1"
        },
        "summary": {
            "tests": 1,
            "passed": 1,
            "failed": 0,
            "skipped": 0,
            "pending": 0,
            "other": 0,
            "start": 1774400027.4622211,
            "stop": 1774400027.465545
        },
        "tests": [
            {
                "name": "test_outputs.py::test_outputs",
                "status": "passed",
                "duration": 0.000308340007904917,
                "start": 1774400027.4649758,
                "stop": 1774400027.4654188,
                "retries": 0,
                "file_path": "test_outputs.py"
            }
        ]
    }
}