{
    "results": {
        "tool": {
            "name": "pytest",
            "version": "8.4.1"
        },
        "summary": {
            "tests": 1,
            "passed": 1,
            "failed": 0,
            "skipped": 0,
            "pending": 0,
            "other": 0,
            "start": 1774401438.057821,
            "stop": 1774401438.0835648
        },
        "tests": [
            {
                "name": "test_outputs.py::test_outputs",
                "status": "passed",
                "duration": 0.0003402070142328739,
                "start": 1774401438.0828228,
                "stop": 1774401438.0833988,
                "retries": 0,
                "file_path": "test_outputs.py"
            }
        ]
    }
}