{
    "results": {
        "tool": {
            "name": "pytest",
            "version": "8.4.1"
        },
        "summary": {
            "tests": 1,
            "passed": 1,
            "failed": 0,
            "skipped": 0,
            "pending": 0,
            "other": 0,
            "start": 1774401677.5816977,
            "stop": 1774401677.5849733
        },
        "tests": [
            {
                "name": "test_outputs.py::test_outputs",
                "status": "passed",
                "duration": 0.000345665990607813,
                "start": 1774401677.5842798,
                "stop": 1774401677.584787,
                "retries": 0,
                "file_path": "test_outputs.py"
            }
        ]
    }
}